book_id,book_name
1,Beowulf
2,Batman: Year One
3,Go Set a Watchman
4,When You Are Engulfed in Flames
5,Daughter of Smoke & Bone
6,Red Queen
7,The Power of Habit
8,Midnight in the Garden of Good and Evil
9,Hopeless
10,A Little Princess
11,The Truth About Forever
12,The horse and his boy
13,Last Sacrifice
14,Little House on the Prairie
15,The Velveteen Rabbit
16,Zen and the Art of Motorcycle Maintenance
17,The War of the Worlds
18,Pretty Little Liars
19,Corduroy
20,The Omnivore's Dilemma
21,Life After Life
22,The Rescue
23,Needful Things
24,Voyager
25,Noname_25
26,Cujo
27,The Virgin Suicides
28,Dead to the World
31,The Phantom Tollbooth
32,The Way of Kings
33,Club Dead
34,It's Kind of a Funny Story
35,Noname_35
38,Batman: The Dark Knight Returns
39,The Angel Experiment
40,High Fidelity
42,Oryx and Crake
43,"Men Are from Mars,Women Are from Venus Book of Days: 365 Inspirations to Enrich Your Relationships"
44,Kitchen Confidential: Adventures in the Culinary Underbelly
45,Timeline
47,Tuck Everlasting
49,Are You My Mother?
50,The Story of Art
52,"Rich Dad,Poor Dad"
53,Silence
54,The Magicians
55,ГЈЖ’вЂЎГЈвЂљВ№ГЈЖ’ЕЅГЈЖ’ВјГЈЖ’Л† #1 (Desu NГ…ВЌto) Taikutsu (Г©в‚¬в‚¬ГҐВ±Л†)
57,Everything Is Illuminated
58,The Bourne Supremacy
59,Easy
61,The Absolutely True Diary of a Part-Time Indian
62,ГђЕ“ГђВ°Г‘ВЃГ‘вЂљГђВµГ‘в‚¬ ГђВё ГђЕ“ГђВ°Г‘в‚¬ГђВіГђВ°Г‘в‚¬ГђВёГ‘вЂљГђВ°
63,A Wizard of Earthsea
64,Because of Winn-Dixie
65,A Separate Peace
67,Don Quijote de La Mancha
70,Torment
71,The Tale of Peter Rabbit
72,The Silver Chair
74,"Girl,Interrupted"
75,"Are You There,Vodka? It's Me,Chelsea"
76,Jonathan Livingston Seagull
77,City of Heavenly Fire
78,Love You Forever
79,Cell
83,The Forgotten Garden
84,Der ProzeГѓЕё
85,This Lullaby
86,Plain Truth
87,Orange Is the New Black: My Year in a Women's Prison
88,The Hound of the Baskervilles
89,"Thinking,Fast and Slow"
91,"Are You There God? It's Me,Margaret"
92,Nights in Rodanthe
93,Mr. Mercedes
94,All Together Dead
95,Midwives
96,The Polar Express
97,The True Story of the Three Little Pigs
98,Patriot Games
99,Veronika decide morrer
100,"Lean In: Women,Work,and the Will to Lead"
102,"Shatter Me (Shatter Me,#1)"
105,Sofies Verden
106,Noname_106
107,The Martian Chronicles
109,Heidi
110,Prey
111,The Last Battle
113,Chosen: A House of Night Novel
116,Tales of Caunterbury
118,Inheritance
120,Uncle Tom's Cabin or Life Among the Lowly
123,Ensaio Sobre a Cegueira
129,Dreams from My Father
131,"Alexander and the Terrible,Horrible,No Good,Very Bad Day"
132,Interpreter of Maladies
133,A People's History of the United States: 1492 to Present
135,The Passage
136,Anansi Boys
137,Along for the Ride
138,Everything I Never Told You
140,The Dead Zone
143,Americanah
144,Suzanne's Diary for Nicholas
148,The Storied Life of A.J. Fikry
150,Think and Grow Rich
151,Little House In The Big Woods
152,Jonathan Strange & Mr Norrell
154,The House of Hades
157,1776
158,Under the Banner of Heaven: A Story of Violent Faith
159,Beautiful Ruins
165,The Silkworm
167,State of Wonder
173,Bag of Bones
175,Thinner
177,Walk Two Moons
178,Onze minutos
179,Nine Stories
185,Death of a Salesman
186,The Choice
190,BLEACHГўв‚¬вЂўГЈЖ’вЂ“ГЈЖ’ВЄГЈЖ’ВјГЈЖ’ВЃГўв‚¬вЂўГЈв‚¬в‚¬1
191,Noname_191
192,The Shadow Rising
196,The Bone Collector
198,"Brown Bear,Brown Bear,What Do You See?"
201,The Exorcist
203,Snow Falling on Cedars
204,Roots
205,Batman: The Killing Joke
209,Different Seasons
210,The Little House Collection
214,The Power of Now
218,Dead and Gone
220,Obsidian
223,"Scott Pilgrim,Volume 1: Scott Pilgrim's Precious Little Life"
225,Mort
226,"The Iron King (The Iron Fey,#1)"
228,Stiff: The Curious Lives of Human Cadavers
231,Twenties Girl
236,Preludes & Nocturnes
238,Shutter Island
251,Specials
253,Hunted
257,Sh*t My Dad Says
258,Trainspotting
265,About a Boy
272,Abraham Lincoln: Vampire Hunter
273,ГЈЖ’вЂўГЈЖ’В«ГЈЖ’ВјГЈЖ’вЂћГЈЖ’ВђГЈвЂљВ№ГЈвЂљВ±ГЈЖ’Ж’ГЈЖ’Л† 1
277,The Circle
278,The Invention of Hugo Cabret
286,Wolf Hall
287,Howl's Moving Castle
290,The Remains of the Day
295,Shanghai Girls
298,Persepolis
299,A Room with a View
302,Naked in Death
305,NARUTO -ГЈЖ’Е ГЈЖ’В«ГЈЖ’Л†- ГҐВ·В»ГЈЖ’ЕЅГ¤Вёв‚¬
315,Smile
320,Mr. Penumbra's 24-Hour Bookstore
332,Words of Radiance
334,The Fiery Cross
336,Jaws
352,Storm Island
354,Hollow City
357,As I Lay Dying
358,Harold and the Purple Crayon
359,"Lover Eternal (Black Dagger Brotherhood,#2)"
360,Noname_360
361,Fool Moon
362,David and Goliath
363,Г©вЂ№ВјГЈВЃВ®Г©Е’В¬Г©вЂЎвЂГЁВЎвЂњГҐВёВ« 1
364,Guards! Guards!
365,The Year of Magical Thinking
366,We Need to Talk About Kevin
367,Rendezvous with Rama
368,The Queen of the Damned
369,The Age of Innocence
370,The Selfish Gene
371,Year of Wonders: A Novel of the Plague
372,The Black Echo
373,Anthem
374,Gabriel's Inferno
375,Cloudy with a Chance of Meatballs
376,Major Pettigrew's Last Stand
377,Vision in White
378,The Tenth Circle
379,The Throne of Fire
380,Old Man's War
381,Gerald's Game
382,Two for the Dough
384,The Forever War
385,Insomnia
386,Reading Lolita in Tehran: A Memoir in Books
387,The Blade Itself
388,The Arctic Incident
389,The Shipping News
390,Г¤ВєВєГ§вЂќЕёГЈВЃЕ’ГЈВЃВЁГЈВЃВЌГЈвЂљВЃГЈВЃВЏГ§вЂ°вЂЎГЈВЃВҐГЈВЃвЂГЈВЃВ®Г©В­вЂќГ¦ВівЂў
391,All the Bright Places
392,DГѓВ©jГѓВ Dead
393,The Alchemyst: The Secrets of The Immortal Nicholas Flamel
394,The Marriage Plot
395,Hija de la fortuna
396,Luckiest Girl Alive
397,"Crank (Crank,#1)"
398,The Raven Boys
399,I Am Legend and Other Stories
400,Olive Kitteridge
401,Not that Kind of Girl
402,Good to Great: Why Some Companies Make the Leap... and Others Don't
403,Fire
404,En attendant Godot
405,White Fang
406,Wolves of the Calla
407,His Dark Materials
408,The Edge of Never
409,Reconstructing Amelia
410,The One Plus One
411,The Hours
412,Wallbanger
413,Holidays on Ice
414,Desperation
415,Passion
416,The Kill Order
417,Angelfall
418,Empire Falls
419,The Fires of Heaven
420,I'll Give You the Sun
421,Survivor
422,Shopaholic and Baby
423,The Dark Tower
424,Twilight Director's Notebook
425,Shopaholic Abroad
426,"Surely You're Joking,Mr. Feynman! Adventures of a Curious Character"
427,Linger
428,The Complete Anne of Green Gables Boxed Set
429,A Portrait of the Artist as a Young Man
430,The Gathering Storm
431,Middlemarch
432,Point of Retreat
433,The Partner
434,The Hobbit and The Lord of the Rings
435,Thoughtless
436,Presumed Innocent
437,The Dark Half
438,Cleopatra: A Life
439,The World Is Flat: A Brief History of the Twenty-first Century
440,Steelheart
441,Noname_30
442,Voyage au centre de la Terre
443,The Happiness Project
444,The Man in the High Castle
445,Helter Skelter: The True Story of The Manson Murders
446,Inferno
447,Shadow of Night
448,Leaving Time
449,Moon Called
450,Blue Bloods
451,The Alienist
452,Between the World and Me
453,Paradise Lost
454,The Big Short: Inside the Doomsday Machine
455,The Girl Who Loved Tom Gordon
456,A Monster Calls
457,Towers of Midnight
458,The Day of the Jackal
459,Rework
460,Attachments
461,The Twilight Saga
462,Tell the Wolves I'm Home
463,All Creatures Great And Small
464,The Unbecoming of Mara Dyer
465,Three to Get Deadly
466,The Scarlet Pimpernel
467,The Monster at the End of This Book
468,Tales of a Fourth Grade Nothing
469,Shadow and Bone
470,Het diner
471,Champion
472,Contact
473,Lola and the Boy Next Door
474,White Teeth
475,American Sniper: The Autobiography of the Most Lethal Sniper in U.S. Military History
476,My Horizontal Life: A Collection of One-Night Stands
477,The Power of Six
478,The Interestings
479,The Essential Calvin and Hobbes: A Calvin and Hobbes Treasury
480,People of the Book
481,The Secret Keeper
482,Better Homes & Gardens New Cook Book
483,"So Long,and Thanks for All the Fish"
484,Der Steppenwolf: ErzГѓВ¤hlung
485,The Surgeon
486,The Girl You Left Behind
487,Royal Assassin
488,Childhood's End
489,The Tale of Despereaux
490,"Animal,Vegetable,Miracle: A Year of Food Life"
491,Heir of Fire
492,Noname_31
493,The Sweetness at the Bottom of the Pie
494,Blue Like Jazz: Nonreligious Thoughts on Christian Spirituality
495,A Breath of Snow and Ashes
496,The Blood of Olympus
497,Truly Madly Guilty
498,"Saga,Volume One"
499,The Art of Fielding
500,A Moveable Feast
501,Fablehaven
502,The Wide Window
503,Grave Peril
504,Einstein. His Life and Universe
505,Effortless
506,The Street Lawyer
507,"Roll of Thunder,Hear My Cry"
508,Pride and Prejudice and Zombies
509,Lets Explore Diabetes with Owls
510,ГђЛњГђВґГђВёГђВѕГ‘вЂљ
511,Dirk Gently's Holistic Detective Agency
512,Rodrick Rules
513,Why Not Me?
515,Modern Romance
516,The One and Only Ivan
517,The Perfect Storm: A True Story of Men Against the Sea
518,Elantris
519,The Knife of Never Letting Go
520,One Thousand White Women: The Journals of May Dodd
521,Handle with Care
523,Reached
524,Midnight's Children
525,The Zombie Survival Guide: Complete Protection from the Living Dead
526,The Testament
527,Murder at the Vicarage
528,Among the Hidden
529,In Defense of Food: An Eater's Manifesto
530,The Witch of Blackbird Pond
531,The Heir
532,Shopaholic Ties the Knot
533,The Woman in White
534,Career of Evil
535,The Summer I Turned Pretty
536,Four to Score
537,The Color of Water: A Black Man's Tribute to His White Mother
538,"SuperFreakonomics: Global Cooling,Patriotic Prostitutes,and Why Suicide Bombers Should Buy Life Insurance"
539,Darkfever
540,Stone of Tears
542,Vanity Fair: A Novel Without a Hero
543,The Sirens of Titan
544,Dolores Claiborne
545,The Nest
546,"Fables,Volume 1: Legends in Exile"
547,Getting Things Done: How To Achieve Stress-free Productivity
548,The Celestine Prophecy
549,My Life Next Door
550,Winter of the World
551,"ГЁвЂ°ВІГҐВЅВ©ГЈвЂљвЂ™Г¦Е’ВЃГЈВЃЕёГЈВЃВЄГЈВЃвЂћГҐВ¤ЕЎГҐВґЕЅГЈВЃВ¤ГЈВЃВЏГЈвЂљвЂ№ГЈВЃВЁГЈв‚¬ВЃГҐВЅВјГЈВЃВ®ГҐВ·ВЎГ§В¤ВјГЈВЃВ®ГҐВ№Вґ [Shikisai o motanai Tazaki Tsukuru to,kare no junrei no toshi]"
552,Lucky
553,To The Lighthouse
554,Five Point Someone: What Not to Do at IIT
555,Guilty Pleasures
556,The Messenger
557,Far from the Madding Crowd
558,Equal Rites
559,House of Leaves
560,Cruel & Unusual
561,Sycamore Row
562,Awakened
563,My ГѓВЃntonia
564,Life As We Knew It
565,America (The Book): A Citizen's Guide to Democracy Inaction
566,90 Minutes in Heaven
568,Г©ВЃвЂњГҐВѕВ·Г§В¶вЂњ [dГѓВ o dГѓВ© jГ„В«ng]
569,Kane and Abel
571,Dry: A Memoir
572,Sam's Letters To Jennifer
573,Grey
574,Dune Messiah
575,The Great Divorce
576,Little Earthquakes
577,Eventyr og historier
578,New Moon: The Complete Illustrated Movie Companion
579,Maybe Someday
580,Mr Maybe
581,Anne of the Island
582,Also sprach Zarathustra
583,North and South
584,A Stolen Life
585,The Immortals of Meluha
586,The Lost World
587,Requiem
588,A Crown of Swords
589,Aesopica
590,Blood Meridian: Or the Evening Redness in the West
591,Finale
592,Skeleton Crew
593,Lullaby
594,Two States
595,ГЈЖ’ВґГЈвЂљВЎГЈЖ’ВіГЈЖ’вЂГЈвЂљВ¤ГЈвЂљВўГ©ВЁЕЅГҐВЈВ« 1
596,Summer Knight
597,Dragonflight
598,"The History of the Hobbit,Part One: Mr. Baggins"
599,Ugly Love
600,Chocolat
601,The Amityville Horror
602,The English Patient
603,Gabriel's Rapture
604,Dubliners
605,Let the Great World Spin
606,The Eternity Code
607,Tell No One
608,The Tommyknockers
609,Hex Hall
610,Steal Like an Artist
611,Cryptonomicon
612,Beautiful Bastard
613,Prodigal Summer
614,We Were the Mulvaneys
615,Understanding Comics: The Invisible Art
616,Beautiful Darkness
617,The Psychopath Test
618,Vanishing Acts
619,Absolute Power
620,Hot Six
621,The Time Keeper
622,A Dirty Job
623,Moneyball: The Art of Winning an Unfair Game
624,The Amulet of Samarkand
625,I Am America (And So Can You!)
626,The One Minute Manager
627,Exodus
628,Stones from the River
629,The Big Sleep
630,Cannery Row
631,Seriously...I'm Kidding
632,The Miserable Mill
633,The Snow Child
634,Wait for You
635,The Last Straw
636,La Divina Commedia
637,The Tao of Pooh
638,Onyx
639,"Unravel Me (Shatter Me,#2)"
640,The Birth of Venus
641,The Opal Deception
642,Det som inte dГѓВ¶dar oss
643,The Girls
644,The Goose Girl
645,Mystic River
646,Warm Bodies
647,The Prince and the Pauper
648,The Moon is a Harsh Mistress
649,The Forty Rules of Love
650,High Five
651,Joyland
652,Г©в‚¬ВІГ¦вЂ™Ж’ГЈВЃВ®ГҐВ·ВЁГ¤ВєВє 1
653,Tender Is the Night
654,Cold Sassy Tree
655,The Glass Menagerie
656,L'amica geniale
657,"The 4-Hour Workweek: Escape 9-5,Live Anywhere,and Join the New Rich"
658,The Monk Who Sold His Ferrari: A Fable About Fulfilling Your Dreams & Reaching Your Destiny
659,Rules of Civility
660,Ringworld
661,Between Shades of Gray
662,Frindle
663,Dog Days
664,The Round House
665,A Wind in the Door
666,Free Four: Tobias Tells the Divergent Story
667,A Little Life
668,"Y: The Last Man,Vol. 1: Unmanned"
669,The Alloy of Law
670,Dead Reckoning
671,The Accidental Tourist
672,Aristotle and Dante Discover the Secrets of the Universe
673,The Invisible Man
674,Г¤ВёвЂ“Г§вЂўЕ’ГЈВЃВ®Г§ВµвЂљГЈвЂљЕ ГЈВЃВЁГЈЖ’ВЏГЈЖ’ВјГЈЖ’вЂ°ГЈЖ’Е“ГЈвЂљВ¤ГЈЖ’В«ГЈЖ’вЂ°ГЈЖ’В»ГЈЖ’ВЇГЈЖ’ВіГЈЖ’в‚¬ГЈЖ’ВјГЈЖ’В©ГЈЖ’ВіГЈЖ’вЂ° [Sekai no owari to hГ„ВЃdoboirudo wandГ„ВЃrando]
675,Na margem do rio Piedra eu sentei e chorei
676,Der Schweizerische Robinson
677,Four Past Midnight
678,The Marriage Bargain
679,Anne of Avonlea
680,The Little Engine That Could
681,We Are All Completely Beside Ourselves
682,Children of the Mind
683,Ulysses
684,Someone Like You
685,Moloka'i
686,The Witching Hour
687,This Present Darkness
688,The Coincidence of Callie & Kayden
689,Fates and Furies
690,Summer Sisters
691,Stuart Little
692,The Foundation Trilogy
693,"The Elegant Universe: Superstrings,Hidden Dimensions,and the Quest for the Ultimate Theory"
694,The Austere Academy
695,Seven Up
696,The Awakening
697,Death Masks
698,Stellaluna
699,Before They Are Hanged
700,Loving Frank
701,Hard Eight
702,The Vile Village
703,Sybil
704,Cosmos
705,Haunted: A Novel of Stories
706,The Shell Seekers
707,What Is the What: The Autobiography of Valentino Achak Deng
708,CrГѓВіnica de una muerte anunciada
709,A Scandal in Bohemia
710,Killing Lincoln: The Shocking Assassination that Changed America Forever
711,The Lowland
712,The Ruins of Gorlan
713,Wintergirls
714,The Brethren
715,Assassin's Quest
716,Rosemary's Baby
717,The Talisman
718,The Path of Daggers
719,The Dharma Bums
720,The Reckoning
721,"Behind the Beautiful Forevers: Life,Death,and Hope in a Mumbai Undercity"
722,Mary Poppins
723,Red Seas Under Red Skies
724,The House on Mango Street
725,City of Thieves
726,Halfway to the Grave
727,The Twits
728,Abhorsen
729,The Beach House
730,Eyes of the Dragon
731,Children of Dune
732,Leviathan Wakes
733,Queen of Shadows
734,Maus II : And Here My Troubles Began
735,The Snowy Day
736,To the Nines
737,Where We Belong
738,The Hot Zone: The Terrifying True Story of the Origins of the Ebola Virus
739,ГЈвЂљВ№ГЈЖ’вЂ”ГЈЖ’ВјГЈЖ’Л†ГЈЖ’вЂ№ГЈвЂљВЇГЈВЃВ®Г¦ВЃвЂ№Г¤ВєВє [SupГ…В«toniku no Koibito]
740,The Signature of All Things
741,"Eats,Shoots and Leaves"
742,Dead Witch Walking
743,Noname_32
744,An Echo in the Bone
745,Unearthly
746,The Case for Christ
747,Knife of Dreams
748,Hoot
749,ГѓвЂ neis
750,This is How You Lose Her
751,ГЈвЂљВўГЈЖ’вЂўГЈвЂљВїГЈЖ’ВјГЈЖ’в‚¬ГЈЖ’ВјГЈвЂљВЇ [AfutГ„ВЃ dГ„ВЃku]
752,Ishmael: An Adventure of the Mind and Spirit
753,It's Not Summer Without You
754,Pushing the Limits
755,Quidditch Through the Ages
756,Miss Nelson Is Missing!
757,The Long Walk
758,The Ersatz Elevator
759,Messenger
760,Lover Revealed
761,Salem's Lot The Illustrated Edition
762,The Mysterious Benedict Society
763,God is Not Great: How Religion Poisons Everything
764,"Never Too Far (Too Far,#2)"
765,State of Fear
766,The Statistical Probability of Love at First Sight
767,The Golem's Eye
768,Still Life with Woodpecker
769,Those Who Save Us
770,The Broker
771,Across the Universe
772,"The Road Less Traveled: A New Psychology of Love,Traditional Values,and Spiritual Growth"
773,Blood Rites
774,The Boxcar Children
775,The Silent Wife
776,How to Be a Woman
777,A Court of Mist and Fury
778,Life
779,Unaccustomed Earth
780,The Pilot's Wife
781,White Noise
782,"Band of Brothers: E Company,506th Regiment,101st Airborne from Normandy to Hitler's Eagle's Nest"
784,Blankets
785,The Story of Edgar Sawtelle
786,Drowning Ruth
787,Post Office
788,All the Pretty Horses
790,"One Piece,Volume 01"
791,The Last Unicorn
792,Magyk
793,Fever 1793
794,The Likeness
795,Dead Wake: The Last Crossing of the Lusitania
796,The Jungle Book
797,I Am Pilgrim
798,Howl and Other Poems
799,Don't Sweat the Small Stuff
801,Mostly Harmless
802,Benjamin Franklin: An American Life
803,The Tiger's Wife
805,Lover Unbound
806,Going Postal
807,The Book of Mormon
808,The Mist
809,Dead Beat
810,Golden Son
813,What the Dog Saw and Other Adventures
814,Pretty Girls
815,Last Argument of Kings
816,Revival
817,Horton Hears a Who!
818,The Blind Side: Evolution of a Game
819,Lirael
820,School's Out Forever
821,Г©В»вЂ™ГҐЕёВ·Г¤ВєвЂ№ I [Kuroshitsuji I]
822,Winter
823,The Strange Case of Dr. Jekyll and Mr. Hyde and Other Tales of Terror
824,Noname_33
825,The Painted Man
826,Noname_34
827,One Shot
828,The Serpent's Shadow
830,The Shifting Fog
831,Noname_831
832,Proven Guilty
833,ГђвЂ”ГђВ°ГђВїГђВёГ‘ВЃГђВєГђВё ГђВёГђВ· ГђВїГђВѕГђВґГђВїГђВѕГђВ»Г‘Е’Г‘ВЏ
834,The Heart is a Lonely Hunter
835,The Infinite Sea
836,The Once and Future King
837,Small Gods
838,"Bud,Not Buddy"
839,Noname_36
840,Predictably Irrational: The Hidden Forces that Shape Our Decisions
841,ГВ§Г™вЂћГ™ВЃГ™Е Г™вЂћ ГВ§Г™вЂћГВЈГВІГВ±Г™вЂљ
842,The Indian in the Cupboard
843,A Memory of Light
844,Me and Earl and the Dying Girl
845,The Ugly Truth
846,"Janet Evanovich Three and Four Two-Book Set (Stephanie Plum,#3-4)"
847,"The Surgeon of Crowthorne: a tale of murder,madness & the love of words"
848,2nd Chance
849,The Complete Maus
850,The Eyre Affair
851,Anne Rice's The Vampire Lestat: The Graphic Novel
853,The Art of Happiness: A Handbook for Living
854,The Bone Clocks
855,Black and Blue
856,Noname_37
857,The Last Juror
858,Diary
859,Eleven on Top
861,"Sex,Drugs,and Cocoa Puffs: A Low Culture Manifesto"
862,Brideshead Revisited: The Sacred and Profane Memories of Captain Charles Ryder
863,White Night
864,The Miniaturist
865,Dragons of Autumn Twilight
866,The Lost Colony
867,Extras
868,The Burning Bridge
869,The Book of Life
870,The Artist's Way: A Spiritual Path to Higher Creativity
871,The Stinky Cheese Man and Other Fairly Stupid Tales
872,Horns
874,The Year of the Flood
875,Winter Garden
876,The King of Torts
878,The 3 Mistakes of My Life
879,The Murder of Roger Ackroyd
880,Native Son
881,Shadow's Edge
882,Under the Never Sky
883,True Believer
884,The Lean StartupГўв‚¬ЕЅ
885,The Golden Lily
886,Chasing Harry Winston
887,Magician's Gambit
888,Noname_38
889,The Rise and Fall of the Third Reich: A History of Nazi Germany
890,A Long Way Down
891,Out from Boneville
892,Rose Madder
893,"Die Trying (Jack Reacher,#2)"
894,Beautiful Chaos
895,Keeping Faith
896,Heart-Shaped Box
897,Cabin Fever
898,Noname_39
900,Redwall
901,Manifest der Kommunistischen Partei
902,The Woman in Cabin 10
903,The Last of the Mohicans: A Narrative of 1757
904,Sophie's Choice
905,Shopaholic and Sister
906,The Iron Daughter
907,The Prayer of Jabez: Breaking Through to the Blessed Life
908,The Age of Miracles
909,Have a Little Faith: A True Story
910,My Life in France
911,The Rosie Effect
912,The Secret of the Nagas.
913,Ham on Rye
914,Flipped
915,Emotional Intelligence 2.0
916,Make Way for Ducklings
917,Relic
918,Notes from a Small Island
919,Small Favor
920,The Walking Dead Compendium Volume 1
921,Princess Academy
922,"Everything,Everything"
923,Pygmalion
924,Flight Behavior
925,Grip of the Shadow Plague
926,Bridget Jones: The Edge of Reason
927,Captain Corelli's Mandolin
928,At First Sight
929,Down Under
930,The Memoirs of Sherlock Holmes
931,The Orphan Master's Son
932,Enchanters' End Game
933,Persepolis
934,The Chosen
935,The Agony and the Ecstasy: A Biographical Novel of Michelangelo
936,El juego del ГѓВЎngel
937,Where Rainbows End
938,Amelia Bedelia
939,This Man
940,A Dog's Purpose
941,An Ember in the Ashes
942,"Lover Enshrined,part one"
943,The Golem and the Jinni
944,ГВ§Г™вЂћГВЈГВіГ™Л†ГВЇ Г™Е Г™вЂћГ™Е Г™вЂљ ГВЁГ™Ж’
945,The Slippery Slope
946,Bleak House
947,"Caps for sale: a tale of a peddler,some monkeys and their monkey business"
948,Furies of Calderon
949,Alanna: The First Adventure
950,Her Fearful Symmetry
951,The Boston Girl
952,"Lover Enshrined,part two"
953,The Fall of Hyperion
954,The Black Dahlia
955,"Through the Looking-Glass,and What Alice Found There"
956,Wild Swans: Three Daughters of China
957,"Go,Dog. Go!"
958,Noname_40
959,Finders Keepers
960,The Strain
961,The Complete Poems of Emily Dickinson
962,Old Yeller
963,Born Standing Up: A Comic's Life
964,PostSecret: Extraordinary Confessions from Ordinary Lives
965,A Storm of Swords: Part 2 Blood and Gold
966,The Borrowers Afield
967,Hearts in Atlantis
968,Noname_41
969,Г§ВѕЕ ГЈвЂљвЂ™ГЈвЂљВЃГЈВЃВђГЈвЂљвЂ№ГҐвЂ вЂ™Г©в„ўВє [HitsujiwomegurubГ…ВЌken]
970,The Queen's Fool
971,Days of Blood & Starlight
972,Jitterbug Perfume
973,"The Battle for Skandia (Ranger's Apprentice,#4)"
974,The Darkest Minds
975,O Zahir
976,The Power of Positive Thinking
977,"In a Dark,Dark Wood"
978,The House of Mirth
979,Fairy Tail 1
980,The Slow Regard of Silent Things
981,Twelve Years a Slave
988,The Diamond Age
991,Brooklyn
1012,The Racketeer
1028,Rapture
1033,Disclosure
1043,The Left Hand of Darkness
1044,Let It Snow: Three Holiday Romances
1059,Beezus and Ramona